s_city_id,s_lon,s_lat,Colonne1,e_City,e_lat,e_lon,Column1
0,-8.419,31.133,900,Meknes,33.8984131,-5.5321582,
1,-8.419,31.133,900,Meknes,33.8984131,-5.5321582,
2,-8.419,31.133,505,Rabat,34.02236,-6.8340222,
3,-8.419,31.133,505,Rabat,34.02236,-6.8340222,
4,-8.419,31.133,505,Rabat,34.02236,-6.8340222,
5,-8.419,31.133,403,Fes,34.0346534,-5.0161926,
6,-8.42,31.132,403,Fes,34.0346534,-5.0161926,
7,-8.42,31.132,403,Fes,34.0346534,-5.0161926,
8,-8.42,31.132,505,Rabat,34.02236,-6.8340222,
9,-8.42,31.132,505,Rabat,34.02236,-6.8340222,
10,-8.42,31.132,505,Rabat,34.02236,-6.8340222,
11,-8.42,31.131,505,Rabat,34.02236,-6.8340222,
12,-8.42,31.131,505,Rabat,34.02236,-6.8340222,
13,-8.42,31.131,505,Rabat,34.02236,-6.8340222,
14,-8.42,31.131,505,Rabat,34.02236,-6.8340222,
15,-8.42,31.131,302,Casablanca,33.5945144,-7.6200284,
16,-8.42,31.131,302,Casablanca,33.5945144,-7.6200284,
17,-8.42,31.131,302,Casablanca,33.5945144,-7.6200284,
18,-8.42,31.131,302,Casablanca,33.5945144,-7.6200284,
19,-8.42,31.131,302,Casablanca,33.5945144,-7.6200284,
20,-8.42,31.131,302,Casablanca,33.5945144,-7.6200284,
21,-8.42,31.131,302,Casablanca,33.5945144,-7.6200284,
22,-8.42,31.131,302,Casablanca,33.5945144,-7.6200284,
23,-8.42,31.131,505,Rabat,34.02236,-6.8340222,
24,-8.42,31.131,505,Rabat,34.02236,-6.8340222,
25,-8.42,31.131,505,Rabat,34.02236,-6.8340222,
26,-8.42,31.131,505,Rabat,34.02236,-6.8340222,
27,-8.421,31.127,505,Rabat,34.02236,-6.8340222,
28,-8.421,31.126,505,Rabat,34.02236,-6.8340222,
29,-8.422,31.125,505,Rabat,34.02236,-6.8340222,
30,-8.423,31.125,505,Rabat,34.02236,-6.8340222,
31,-8.42,31.126,505,Rabat,34.02236,-6.8340222,
32,-8.42,31.126,505,Rabat,34.02236,-6.8340222,
33,-8.42,31.126,505,Rabat,34.02236,-6.8340222,
34,-8.42,31.126,505,Rabat,34.02236,-6.8340222,
35,-8.456,30.923,505,Rabat,34.02236,-6.8340222,
36,-8.456,30.923,505,Rabat,34.02236,-6.8340222,
37,-8.456,30.922,505,Rabat,34.02236,-6.8340222,
38,-8.455,30.922,505,Rabat,34.02236,-6.8340222,
39,-8.454,30.921,505,Rabat,34.02236,-6.8340222,
40,-8.451,30.921,505,Rabat,34.02236,-6.8340222,
41,-8.443,30.917,505,Rabat,34.02236,-6.8340222,
42,-8.444,30.917,505,Rabat,34.02236,-6.8340222,
43,-8.444,30.917,505,Rabat,34.02236,-6.8340222,
44,-8.443,30.917,505,Rabat,34.02236,-6.8340222,
45,-8.443,30.917,505,Rabat,34.02236,-6.8340222,
46,-8.44,30.918,505,Casablanca,33.5945144,-7.6200284,
47,-8.439,30.919,505,Rabat,34.02236,-6.8340222,
48,-8.438,30.919,505,Rabat,34.02236,-6.8340222,
49,-8.428,30.916,505,Casablanca,33.5945144,-7.6200284,
50,-8.427,30.916,505,Rabat,34.02236,-6.8340222,
51,-8.427,30.916,505,Rabat,34.02236,-6.8340222,
52,-8.426,30.916,505,Rabat,34.02236,-6.8340222,
53,-8.426,30.916,505,Rabat,34.02236,-6.8340222,
54,-8.426,30.915,505,Rabat,34.02236,-6.8340222,
55,-8.426,30.915,505,Rabat,34.02236,-6.8340222,
56,-8.426,30.915,505,Rabat,34.02236,-6.8340222,
57,-8.426,30.915,505,Rabat,34.02236,-6.8340222,
58,-8.426,30.915,505,Rabat,34.02236,-6.8340222,
59,-8.426,30.915,505,Rabat,34.02236,-6.8340222,
60,-8.426,30.915,505,Rabat,34.02236,-6.8340222,
61,-8.426,30.915,302,Casablanca,33.5945144,-7.6200284,
62,-8.426,30.915,302,Casablanca,33.5945144,-7.6200284,
63,-8.426,30.915,302,Casablanca,33.5945144,-7.6200284,
64,-8.425,30.916,505,Rabat,34.02236,-6.8340222,
65,-8.425,30.915,505,Rabat,34.02236,-6.8340222,
66,-8.425,30.916,505,Rabat,34.02236,-6.8340222,
67,-8.425,30.916,505,Rabat,34.02236,-6.8340222,
68,-8.425,30.915,505,Rabat,34.02236,-6.8340222,
69,-8.409,30.909,505,Rabat,34.02236,-6.8340222,
70,-8.409,30.909,505,Rabat,34.02236,-6.8340222,
71,-8.409,30.909,505,Rabat,34.02236,-6.8340222,
72,-8.405,30.904,505,Rabat,34.02236,-6.8340222,
73,-8.405,30.904,505,Rabat,34.02236,-6.8340222,
74,-8.405,30.904,505,Rabat,34.02236,-6.8340222,
75,-8.405,30.903,505,Rabat,34.02236,-6.8340222,
76,-8.406,30.904,505,Rabat,34.02236,-6.8340222,
77,-8.406,30.904,505,Rabat,34.02236,-6.8340222,
78,-8.397,30.902,505,Rabat,34.02236,-6.8340222,
79,-8.396,30.902,505,Rabat,34.02236,-6.8340222,
80,-8.395,30.903,505,Rabat,34.02236,-6.8340222,
81,-8.395,30.902,505,Rabat,34.02236,-6.8340222,
82,-8.395,30.902,505,Rabat,34.02236,-6.8340222,
83,-8.395,30.902,505,Rabat,34.02236,-6.8340222,
84,-8.395,30.902,505,Rabat,34.02236,-6.8340222,
85,-8.395,30.902,505,Rabat,34.02236,-6.8340222,
86,-8.395,30.902,505,Rabat,34.02236,-6.8340222,
87,-8.395,30.902,505,Rabat,34.02236,-6.8340222,
88,-8.395,30.902,505,Rabat,34.02236,-6.8340222,
89,-8.389,30.899,505,Rabat,34.02236,-6.8340222,
90,-8.389,30.899,505,Rabat,34.02236,-6.8340222,
91,-8.389,30.899,505,Rabat,34.02236,-6.8340222,
92,-8.389,30.898,505,Rabat,34.02236,-6.8340222,
93,-8.389,30.899,505,Rabat,34.02236,-6.8340222,
94,-8.389,30.899,505,Rabat,34.02236,-6.8340222,
95,-8.389,30.899,505,Rabat,34.02236,-6.8340222,
96,-8.389,30.899,505,Rabat,34.02236,-6.8340222,
97,-8.389,30.899,505,Rabat,34.02236,-6.8340222,
98,-8.389,30.899,505,Rabat,34.02236,-6.8340222,
99,-8.389,30.899,505,Rabat,34.02236,-6.8340222,
100,-8.388,30.899,505,Rabat,34.02236,-6.8340222,
101,-8.389,30.899,505,Rabat,34.02236,-6.8340222,
102,-8.389,30.898,505,Rabat,34.02236,-6.8340222,
103,-8.389,30.898,505,Rabat,34.02236,-6.8340222,
104,-8.389,30.899,505,Rabat,34.02236,-6.8340222,
105,-8.388,30.899,403,Fes,34.0346534,-5.0161926,
106,-8.388,30.9,403,Fes,34.0346534,-5.0161926,
107,-8.388,30.9,403,Fes,34.0346534,-5.0161926,
108,-8.388,30.9,505,Rabat,34.02236,-6.8340222,
109,-8.388,30.9,505,Rabat,34.02236,-6.8340222,
110,-8.388,30.9,505,Rabat,34.02236,-6.8340222,
111,-8.388,30.899,505,Rabat,34.02236,-6.8340222,
112,-8.388,30.899,505,Rabat,34.02236,-6.8340222,
113,-8.388,30.9,505,Rabat,34.02236,-6.8340222,
114,-8.388,30.9,505,Rabat,34.02236,-6.8340222,
115,-8.388,30.9,505,Rabat,34.02236,-6.8340222,
116,-8.388,30.901,505,Rabat,34.02236,-6.8340222,
117,-8.384,30.9,505,Rabat,34.02236,-6.8340222,
118,-8.384,30.9,505,Rabat,34.02236,-6.8340222,
119,-8.385,30.9,505,Rabat,34.02236,-6.8340222,
120,-8.383,30.899,505,Rabat,34.02236,-6.8340222,
121,-8.425,30.9,505,Rabat,34.02236,-6.8340222,
122,-8.426,30.901,505,Rabat,34.02236,-6.8340222,
123,-8.426,30.901,505,Rabat,34.02236,-6.8340222,
124,-8.426,30.9,505,Rabat,34.02236,-6.8340222,
125,-8.426,30.9,505,Rabat,34.02236,-6.8340222,
126,-8.426,30.901,505,Rabat,34.02236,-6.8340222,
127,-8.426,30.901,505,Rabat,34.02236,-6.8340222,
128,-8.426,30.901,505,Rabat,34.02236,-6.8340222,
129,-8.428,30.9,505,Rabat,34.02236,-6.8340222,
130,-8.428,30.9,505,Rabat,34.02236,-6.8340222,
131,-8.428,30.9,505,Rabat,34.02236,-6.8340222,
132,-8.442,30.897,505,Rabat,34.02236,-6.8340222,
133,-8.442,30.897,505,Rabat,34.02236,-6.8340222,
134,-8.442,30.897,505,Rabat,34.02236,-6.8340222,
135,-8.442,30.897,505,Rabat,34.02236,-6.8340222,
136,-8.442,30.897,505,Rabat,34.02236,-6.8340222,
137,-8.442,30.897,505,Rabat,34.02236,-6.8340222,
138,-8.441,30.897,505,Rabat,34.02236,-6.8340222,
140,-8.442,30.897,505,Rabat,34.02236,-6.8340222,
141,-8.442,30.897,505,Rabat,34.02236,-6.8340222,
142,-8.442,30.897,505,Rabat,34.02236,-6.8340222,
143,-8.442,30.897,505,Rabat,34.02236,-6.8340222,
144,-8.442,30.897,505,Rabat,34.02236,-6.8340222,
145,-8.442,30.898,505,Rabat,34.02236,-6.8340222,
146,-8.442,30.897,505,Rabat,34.02236,-6.8340222,
147,-8.442,30.897,505,Rabat,34.02236,-6.8340222,
148,-8.442,30.897,505,Rabat,34.02236,-6.8340222,
149,-8.442,30.897,505,Rabat,34.02236,-6.8340222,
150,-8.442,30.897,302,Casablanca,33.5945144,-7.6200284,
151,-8.442,30.898,302,Casablanca,33.5945144,-7.6200284,
152,-8.442,30.898,302,Casablanca,33.5945144,-7.6200284,
153,-8.442,30.898,302,Casablanca,33.5945144,-7.6200284,
154,-8.442,30.898,302,Casablanca,33.5945144,-7.6200284,
155,-8.442,30.898,302,Casablanca,33.5945144,-7.6200284,
156,-8.442,30.898,302,Casablanca,33.5945144,-7.6200284,
157,-8.442,30.898,302,Casablanca,33.5945144,-7.6200284,
158,-8.443,30.898,505,Rabat,34.02236,-6.8340222,
159,-8.443,30.898,505,Rabat,34.02236,-6.8340222,
160,-8.443,30.898,505,Rabat,34.02236,-6.8340222,
161,-8.443,30.898,505,Rabat,34.02236,-6.8340222,
162,-8.443,30.898,505,Rabat,34.02236,-6.8340222,
163,-8.443,30.898,505,Rabat,34.02236,-6.8340222,
164,-8.443,30.898,505,Rabat,34.02236,-6.8340222,
165,-8.443,30.898,505,Rabat,34.02236,-6.8340222,
166,-8.443,30.898,505,Rabat,34.02236,-6.8340222,
167,-8.443,30.898,505,Rabat,34.02236,-6.8340222,
168,-8.443,30.898,505,Rabat,34.02236,-6.8340222,
169,-8.444,30.898,505,Rabat,34.02236,-6.8340222,
170,-8.443,30.898,505,Rabat,34.02236,-6.8340222,
171,-8.444,30.898,505,Rabat,34.02236,-6.8340222,
172,-8.444,30.898,505,Rabat,34.02236,-6.8340222,
173,-8.444,30.899,505,Rabat,34.02236,-6.8340222,
174,-8.444,30.898,505,Rabat,34.02236,-6.8340222,
175,-8.443,30.898,505,Rabat,34.02236,-6.8340222,
176,-8.443,30.898,505,Rabat,34.02236,-6.8340222,
177,-8.444,30.898,505,Rabat,34.02236,-6.8340222,
178,-8.444,30.899,505,Rabat,34.02236,-6.8340222,
179,-8.444,30.899,505,Rabat,34.02236,-6.8340222,
180,-8.444,30.899,505,Rabat,34.02236,-6.8340222,
181,-8.445,30.899,505,Rabat,34.02236,-6.8340222,
182,-8.444,30.899,505,Rabat,34.02236,-6.8340222,
183,-8.442,30.897,505,Rabat,34.02236,-6.8340222,
184,-8.442,30.897,505,Rabat,34.02236,-6.8340222,
185,-8.442,30.897,505,Rabat,34.02236,-6.8340222,
186,-8.442,30.897,505,Rabat,34.02236,-6.8340222,
187,-8.466,30.896,505,Rabat,34.02236,-6.8340222,
188,-8.466,30.896,505,Rabat,34.02236,-6.8340222,
189,-8.466,30.896,505,Rabat,34.02236,-6.8340222,
190,-8.466,30.896,505,Rabat,34.02236,-6.8340222,
191,-8.466,30.897,505,Rabat,34.02236,-6.8340222,
192,-8.467,30.897,505,Rabat,34.02236,-6.8340222,
193,-8.467,30.897,505,Rabat,34.02236,-6.8340222,
194,-8.467,30.897,505,Rabat,34.02236,-6.8340222,
195,-8.467,30.897,505,Rabat,34.02236,-6.8340222,
196,-8.467,30.897,505,Rabat,34.02236,-6.8340222,
197,-8.467,30.897,505,Rabat,34.02236,-6.8340222,
198,-8.467,30.897,505,Rabat,34.02236,-6.8340222,
199,-8.467,30.897,505,Rabat,34.02236,-6.8340222,
200,-8.467,30.897,505,Rabat,34.02236,-6.8340222,
201,-8.468,30.897,505,Rabat,34.02236,-6.8340222,
202,-8.468,30.897,505,Rabat,34.02236,-6.8340222,
203,-8.468,30.897,505,Rabat,34.02236,-6.8340222,
204,-8.468,30.897,505,Rabat,34.02236,-6.8340222,
205,-8.468,30.897,505,Rabat,34.02236,-6.8340222,
206,-8.468,30.897,505,Rabat,34.02236,-6.8340222,
207,-8.468,30.898,505,Rabat,34.02236,-6.8340222,
208,-8.468,30.898,505,Rabat,34.02236,-6.8340222,
209,-8.468,30.898,505,Rabat,34.02236,-6.8340222,
210,-8.468,30.898,505,Rabat,34.02236,-6.8340222,
211,-8.468,30.898,505,Rabat,34.02236,-6.8340222,
212,-8.468,30.897,505,Rabat,34.02236,-6.8340222,
213,-8.468,30.897,505,Rabat,34.02236,-6.8340222,
214,-8.468,30.897,505,Rabat,34.02236,-6.8340222,
215,-8.468,30.897,505,Rabat,34.02236,-6.8340222,
216,-8.469,30.897,505,Rabat,34.02236,-6.8340222,
217,-8.469,30.897,505,Rabat,34.02236,-6.8340222,
218,-8.469,30.897,505,Rabat,34.02236,-6.8340222,
219,-8.469,30.897,505,Rabat,34.02236,-6.8340222,
220,-8.47,30.897,505,Rabat,34.02236,-6.8340222,
221,-8.47,30.898,505,Rabat,34.02236,-6.8340222,
222,-8.471,30.897,505,Rabat,34.02236,-6.8340222,
223,-8.471,30.898,505,Rabat,34.02236,-6.8340222,
224,-8.471,30.897,505,Rabat,34.02236,-6.8340222,
225,-8.473,30.897,505,Rabat,34.02236,-6.8340222,
226,-8.473,30.897,505,Rabat,34.02236,-6.8340222,
227,-8.473,30.897,505,Rabat,34.02236,-6.8340222,
228,-8.473,30.897,505,Rabat,34.02236,-6.8340222,
229,-8.473,30.897,505,Rabat,34.02236,-6.8340222,
230,-8.473,30.897,505,Rabat,34.02236,-6.8340222,
231,-8.473,30.897,505,Rabat,34.02236,-6.8340222,
232,-8.473,30.897,505,Rabat,34.02236,-6.8340222,
233,-8.473,30.897,505,Rabat,34.02236,-6.8340222,
234,-8.473,30.897,505,Rabat,34.02236,-6.8340222,
235,-8.473,30.897,505,Rabat,34.02236,-6.8340222,
236,-8.473,30.897,505,Rabat,34.02236,-6.8340222,
237,-8.473,30.897,505,Rabat,34.02236,-6.8340222,
238,-8.473,30.897,505,Rabat,34.02236,-6.8340222,
239,-8.474,30.897,505,Rabat,34.02236,-6.8340222,
240,-8.474,30.897,505,Rabat,34.02236,-6.8340222,
241,-8.474,30.897,505,Rabat,34.02236,-6.8340222,
242,-8.474,30.897,505,Rabat,34.02236,-6.8340222,
243,-8.475,30.897,505,Rabat,34.02236,-6.8340222,
244,-8.475,30.897,505,Rabat,34.02236,-6.8340222,
245,-8.475,30.897,505,Rabat,34.02236,-6.8340222,
246,-8.474,30.897,505,Rabat,34.02236,-6.8340222,
247,-8.474,30.897,505,Rabat,34.02236,-6.8340222,
248,-8.474,30.897,505,Rabat,34.02236,-6.8340222,
249,-8.475,30.897,505,Rabat,34.02236,-6.8340222,
250,-8.475,30.897,505,Rabat,34.02236,-6.8340222,
251,-8.475,30.897,505,Rabat,34.02236,-6.8340222,
252,-8.476,30.897,505,Rabat,34.02236,-6.8340222,
253,-8.476,30.897,505,Rabat,34.02236,-6.8340222,
254,-8.476,30.897,505,Rabat,34.02236,-6.8340222,
255,-8.479,30.897,505,Rabat,34.02236,-6.8340222,
256,-8.479,30.897,505,Rabat,34.02236,-6.8340222,
257,-8.479,30.897,505,Rabat,34.02236,-6.8340222,
258,-8.479,30.897,505,Rabat,34.02236,-6.8340222,
259,-8.48,30.898,505,Rabat,34.02236,-6.8340222,
260,-8.48,30.897,505,Rabat,34.02236,-6.8340222,
261,-8.48,30.897,505,Rabat,34.02236,-6.8340222,
262,-8.48,30.897,505,Rabat,34.02236,-6.8340222,
263,-8.479,30.897,505,Rabat,34.02236,-6.8340222,
264,-8.48,30.897,505,Rabat,34.02236,-6.8340222,
265,-8.48,30.897,505,Rabat,34.02236,-6.8340222,
266,-8.48,30.897,505,Rabat,34.02236,-6.8340222,
267,-8.48,30.897,505,Rabat,34.02236,-6.8340222,
268,-8.48,30.897,505,Rabat,34.02236,-6.8340222,
269,-8.481,30.897,505,Rabat,34.02236,-6.8340222,
270,-8.481,30.897,505,Rabat,34.02236,-6.8340222,
271,-8.48,30.897,505,Rabat,34.02236,-6.8340222,
272,-8.48,30.897,505,Rabat,34.02236,-6.8340222,
273,-8.481,30.897,505,Rabat,34.02236,-6.8340222,
274,-8.481,30.897,505,Rabat,34.02236,-6.8340222,
275,-8.481,30.897,505,Rabat,34.02236,-6.8340222,
276,-8.482,30.897,505,Rabat,34.02236,-6.8340222,
277,-8.481,30.897,505,Rabat,34.02236,-6.8340222,
278,-8.481,30.897,505,Rabat,34.02236,-6.8340222,
279,-8.481,30.896,505,Rabat,34.02236,-6.8340222,
280,-8.481,30.897,505,Rabat,34.02236,-6.8340222,
281,-8.482,30.896,505,Rabat,34.02236,-6.8340222,
282,-8.482,30.896,505,Rabat,34.02236,-6.8340222,
283,-8.481,30.896,505,Rabat,34.02236,-6.8340222,
284,-8.481,30.896,505,Rabat,34.02236,-6.8340222,
285,-8.481,30.897,505,Rabat,34.02236,-6.8340222,
286,-8.481,30.897,505,Rabat,34.02236,-6.8340222,
287,-8.481,30.897,505,Rabat,34.02236,-6.8340222,
288,-8.481,30.897,505,Rabat,34.02236,-6.8340222,
289,-8.481,30.897,505,Rabat,34.02236,-6.8340222,
290,-8.48,30.897,505,Rabat,34.02236,-6.8340222,
291,-8.484,30.896,505,Rabat,34.02236,-6.8340222,
292,-8.483,30.897,505,Rabat,34.02236,-6.8340222,
293,-8.483,30.897,505,Rabat,34.02236,-6.8340222,
294,-8.482,30.897,505,Rabat,34.02236,-6.8340222,
295,-8.483,30.896,505,Rabat,34.02236,-6.8340222,
296,-8.482,30.896,505,Rabat,34.02236,-6.8340222,
297,-8.484,30.897,505,Rabat,34.02236,-6.8340222,
298,-8.484,30.897,505,Rabat,34.02236,-6.8340222,
299,-8.484,30.897,505,Rabat,34.02236,-6.8340222,
300,-8.484,30.897,505,Rabat,34.02236,-6.8340222,
301,-8.485,30.897,505,Rabat,34.02236,-6.8340222,
302,-8.485,30.897,505,Rabat,34.02236,-6.8340222,
303,-8.484,30.897,505,Rabat,34.02236,-6.8340222,
304,-8.485,30.897,505,Rabat,34.02236,-6.8340222,
305,-8.485,30.898,505,Rabat,34.02236,-6.8340222,
306,-8.485,30.898,505,Rabat,34.02236,-6.8340222,
307,-8.485,30.898,505,Rabat,34.02236,-6.8340222,
308,-8.485,30.898,505,Rabat,34.02236,-6.8340222,
309,-8.486,30.898,505,Rabat,34.02236,-6.8340222,
310,-8.486,30.898,505,Rabat,34.02236,-6.8340222,
311,-8.485,30.898,505,Rabat,34.02236,-6.8340222,
312,-8.485,30.897,505,Rabat,34.02236,-6.8340222,
313,-8.485,30.897,505,Rabat,34.02236,-6.8340222,
314,-8.485,30.897,505,Rabat,34.02236,-6.8340222,
315,-8.485,30.896,505,Rabat,34.02236,-6.8340222,
316,-8.486,30.897,505,Rabat,34.02236,-6.8340222,
317,-8.486,30.897,505,Rabat,34.02236,-6.8340222,
318,-8.486,30.897,505,Rabat,34.02236,-6.8340222,
319,-8.486,30.897,505,Rabat,34.02236,-6.8340222,
320,-8.486,30.897,505,Rabat,34.02236,-6.8340222,
321,-8.486,30.896,505,Rabat,34.02236,-6.8340222,
322,-8.486,30.897,505,Rabat,34.02236,-6.8340222,
323,-8.486,30.896,505,Rabat,34.02236,-6.8340222,
324,-8.485,30.897,505,Rabat,34.02236,-6.8340222,
325,-8.485,30.897,505,Rabat,34.02236,-6.8340222,
326,-8.484,30.897,505,Rabat,34.02236,-6.8340222,
327,-8.484,30.897,505,Rabat,34.02236,-6.8340222,
328,-8.486,30.897,505,Rabat,34.02236,-6.8340222,
329,-8.486,30.897,505,Rabat,34.02236,-6.8340222,
330,-8.492,30.896,505,Rabat,34.02236,-6.8340222,
331,-8.492,30.896,505,Rabat,34.02236,-6.8340222,
332,-8.492,30.896,505,Rabat,34.02236,-6.8340222,
333,-8.491,30.896,505,Rabat,34.02236,-6.8340222,
334,-8.491,30.896,505,Rabat,34.02236,-6.8340222,
335,-8.491,30.896,505,Rabat,34.02236,-6.8340222,
336,-8.495,30.896,505,Rabat,34.02236,-6.8340222,
337,-8.491,30.897,505,Rabat,34.02236,-6.8340222,
338,-8.491,30.897,505,Rabat,34.02236,-6.8340222,
339,-8.493,30.901,505,Rabat,34.02236,-6.8340222,
340,-8.493,30.901,505,Rabat,34.02236,-6.8340222,
341,-8.493,30.9,505,Rabat,34.02236,-6.8340222,
342,-8.493,30.9,505,Rabat,34.02236,-6.8340222,
343,-8.493,30.9,505,Rabat,34.02236,-6.8340222,
344,-8.493,30.9,505,Rabat,34.02236,-6.8340222,
345,-8.493,30.899,505,Rabat,34.02236,-6.8340222,
346,-8.493,30.899,505,Rabat,34.02236,-6.8340222,
347,-8.493,30.899,505,Rabat,34.02236,-6.8340222,
348,-8.493,30.899,505,Rabat,34.02236,-6.8340222,
349,-8.407,31.161,505,Rabat,34.02236,-6.8340222,
350,-8.407,31.16,505,Rabat,34.02236,-6.8340222,
351,-8.406,31.161,505,Rabat,34.02236,-6.8340222,
352,-8.406,31.161,505,Rabat,34.02236,-6.8340222,
353,-8.406,31.161,505,Rabat,34.02236,-6.8340222,
354,-8.406,31.161,505,Rabat,34.02236,-6.8340222,
355,-8.407,31.159,505,Rabat,34.02236,-6.8340222,
356,-8.398,31.159,505,Rabat,34.02236,-6.8340222,
357,-8.398,31.159,505,Rabat,34.02236,-6.8340222,
358,-8.398,31.16,505,Rabat,34.02236,-6.8340222,
359,-8.394,31.159,505,Rabat,34.02236,-6.8340222,
360,-8.392,31.159,505,Rabat,34.02236,-6.8340222,
361,-8.392,31.158,505,Rabat,34.02236,-6.8340222,
362,-8.392,31.158,505,Rabat,34.02236,-6.8340222,
363,-8.391,31.158,505,Rabat,34.02236,-6.8340222,
364,-8.391,31.157,505,Rabat,34.02236,-6.8340222,
365,-8.391,31.157,505,Rabat,34.02236,-6.8340222,
366,-8.391,31.158,505,Rabat,34.02236,-6.8340222,
367,-8.392,31.157,505,Rabat,34.02236,-6.8340222,
368,-8.393,31.155,505,Rabat,34.02236,-6.8340222,
369,-8.393,31.156,505,Rabat,34.02236,-6.8340222,
370,-8.393,31.155,505,Rabat,34.02236,-6.8340222,
371,-8.393,31.155,505,Rabat,34.02236,-6.8340222,
372,-8.393,31.155,505,Rabat,34.02236,-6.8340222,
373,-8.392,31.155,505,Rabat,34.02236,-6.8340222,
374,-8.392,31.155,505,Rabat,34.02236,-6.8340222,
375,-8.393,31.155,505,Rabat,34.02236,-6.8340222,
376,-8.393,31.155,505,Rabat,34.02236,-6.8340222,
377,-8.393,31.155,505,Rabat,34.02236,-6.8340222,
378,-8.394,31.155,505,Rabat,34.02236,-6.8340222,
379,-8.394,31.155,505,Rabat,34.02236,-6.8340222,
380,-8.394,31.155,505,Rabat,34.02236,-6.8340222,
381,-8.394,31.155,505,Rabat,34.02236,-6.8340222,
382,-8.394,31.155,505,Rabat,34.02236,-6.8340222,
383,-8.393,31.155,505,Rabat,34.02236,-6.8340222,
384,-8.393,31.154,505,Rabat,34.02236,-6.8340222,
385,-8.393,31.154,505,Rabat,34.02236,-6.8340222,
386,-8.393,31.155,505,Rabat,34.02236,-6.8340222,
387,-8.393,31.155,505,Rabat,34.02236,-6.8340222,
388,-8.393,31.155,505,Rabat,34.02236,-6.8340222,
389,-8.393,31.155,505,Rabat,34.02236,-6.8340222,
390,-8.393,31.155,505,Rabat,34.02236,-6.8340222,
391,-8.393,31.155,505,Rabat,34.02236,-6.8340222,
392,-8.393,31.155,505,Rabat,34.02236,-6.8340222,
393,-8.393,31.155,505,Rabat,34.02236,-6.8340222,
394,-8.393,31.155,505,Rabat,34.02236,-6.8340222,
395,-8.394,31.155,505,Rabat,34.02236,-6.8340222,
396,-8.393,31.155,505,Rabat,34.02236,-6.8340222,
397,-8.393,31.155,505,Rabat,34.02236,-6.8340222,
398,-8.394,31.155,505,Rabat,34.02236,-6.8340222,
399,-8.393,31.155,505,Rabat,34.02236,-6.8340222,
400,-8.393,31.155,505,Rabat,34.02236,-6.8340222,
401,-8.393,31.155,505,Rabat,34.02236,-6.8340222,
402,-8.393,31.155,505,Rabat,34.02236,-6.8340222,
403,-8.393,31.155,505,Rabat,34.02236,-6.8340222,
404,-8.393,31.155,505,Rabat,34.02236,-6.8340222,
405,-8.393,31.155,505,Rabat,34.02236,-6.8340222,
406,-8.393,31.155,505,Rabat,34.02236,-6.8340222,
407,-8.393,31.155,505,Rabat,34.02236,-6.8340222,
408,-8.393,31.155,505,Rabat,34.02236,-6.8340222,
409,-8.392,31.155,505,Rabat,34.02236,-6.8340222,
410,-8.392,31.155,505,Rabat,34.02236,-6.8340222,
411,-8.392,31.155,505,Rabat,34.02236,-6.8340222,
412,-8.392,31.155,505,Rabat,34.02236,-6.8340222,
413,-8.393,31.155,505,Rabat,34.02236,-6.8340222,
414,-8.394,31.155,505,Rabat,34.02236,-6.8340222,
415,-8.393,31.155,505,Rabat,34.02236,-6.8340222,
416,-8.393,31.155,505,Rabat,34.02236,-6.8340222,
417,-8.393,31.155,505,Rabat,34.02236,-6.8340222,
418,-8.393,31.155,505,Rabat,34.02236,-6.8340222,
419,-8.392,31.155,505,Rabat,34.02236,-6.8340222,
420,-8.393,31.155,505,Rabat,34.02236,-6.8340222,
421,-8.392,31.155,505,Rabat,34.02236,-6.8340222,
422,-8.393,31.155,505,Rabat,34.02236,-6.8340222,
423,-8.393,31.155,505,Rabat,34.02236,-6.8340222,
424,-8.393,31.155,505,Rabat,34.02236,-6.8340222,
425,-8.393,31.155,505,Rabat,34.02236,-6.8340222,
426,-8.394,31.154,505,Rabat,34.02236,-6.8340222,
427,-8.394,31.154,505,Rabat,34.02236,-6.8340222,
428,-8.392,31.154,505,Rabat,34.02236,-6.8340222,
429,-8.392,31.154,505,Rabat,34.02236,-6.8340222,
430,-8.393,31.153,505,Rabat,34.02236,-6.8340222,
431,-8.393,31.154,505,Rabat,34.02236,-6.8340222,
432,-8.392,31.154,505,Rabat,34.02236,-6.8340222,
433,-8.393,31.154,505,Rabat,34.02236,-6.8340222,
434,-8.391,31.152,505,Rabat,34.02236,-6.8340222,
435,-8.392,31.153,505,Rabat,34.02236,-6.8340222,
436,-8.392,31.153,505,Rabat,34.02236,-6.8340222,
437,-8.392,31.153,505,Rabat,34.02236,-6.8340222,
438,-8.394,31.153,505,Rabat,34.02236,-6.8340222,
439,-8.391,31.153,505,Rabat,34.02236,-6.8340222,
440,-8.392,31.152,505,Rabat,34.02236,-6.8340222,
441,-8.391,31.152,505,Rabat,34.02236,-6.8340222,
442,-8.391,31.152,505,Rabat,34.02236,-6.8340222,
443,-8.391,31.152,505,Rabat,34.02236,-6.8340222,
444,-8.391,31.152,505,Rabat,34.02236,-6.8340222,
445,-8.391,31.153,505,Rabat,34.02236,-6.8340222,
446,-8.391,31.152,505,Rabat,34.02236,-6.8340222,
447,-8.391,31.153,505,Rabat,34.02236,-6.8340222,
448,-8.391,31.152,505,Rabat,34.02236,-6.8340222,
449,-8.393,31.155,505,Rabat,34.02236,-6.8340222,
450,-8.393,31.154,505,Rabat,34.02236,-6.8340222,
451,-8.393,31.154,505,Rabat,34.02236,-6.8340222,
452,-8.392,31.154,505,Rabat,34.02236,-6.8340222,
453,-8.393,31.154,505,Rabat,34.02236,-6.8340222,
454,-8.393,31.155,505,Rabat,34.02236,-6.8340222,
455,-8.392,31.154,505,Rabat,34.02236,-6.8340222,
456,-8.393,31.155,505,Rabat,34.02236,-6.8340222,
457,-8.393,31.155,505,Rabat,34.02236,-6.8340222,
458,-8.394,31.155,505,Rabat,34.02236,-6.8340222,
459,-8.394,31.154,505,Rabat,34.02236,-6.8340222,
460,-8.393,31.154,505,Rabat,34.02236,-6.8340222,
461,-8.393,31.154,505,Rabat,34.02236,-6.8340222,
462,-8.388,31.163,505,Rabat,34.02236,-6.8340222,
463,-8.387,31.164,505,Rabat,34.02236,-6.8340222,
464,-8.386,31.163,505,Rabat,34.02236,-6.8340222,
465,-8.386,31.163,505,Rabat,34.02236,-6.8340222,
466,-8.386,31.162,505,Rabat,34.02236,-6.8340222,
467,-8.386,31.162,505,Rabat,34.02236,-6.8340222,
468,-8.386,31.162,505,Rabat,34.02236,-6.8340222,
469,-8.386,31.162,505,Rabat,34.02236,-6.8340222,
470,-8.386,31.162,505,Rabat,34.02236,-6.8340222,
471,-8.386,31.162,505,Rabat,34.02236,-6.8340222,
472,-8.385,31.162,505,Rabat,34.02236,-6.8340222,
473,-8.385,31.162,505,Rabat,34.02236,-6.8340222,
474,-8.385,31.162,505,Rabat,34.02236,-6.8340222,
475,-8.385,31.162,505,Rabat,34.02236,-6.8340222,
476,-8.385,31.162,505,Rabat,34.02236,-6.8340222,
477,-8.385,31.162,505,Rabat,34.02236,-6.8340222,
478,-8.386,31.162,505,Rabat,34.02236,-6.8340222,
479,-8.386,31.162,505,Rabat,34.02236,-6.8340222,
480,-8.387,31.162,505,Rabat,34.02236,-6.8340222,
481,-8.387,31.161,505,Rabat,34.02236,-6.8340222,
482,-8.387,31.161,505,Rabat,34.02236,-6.8340222,
483,-8.386,31.161,505,Rabat,34.02236,-6.8340222,
484,-8.386,31.161,505,Rabat,34.02236,-6.8340222,
485,-8.387,31.161,505,Rabat,34.02236,-6.8340222,
486,-8.386,31.161,505,Rabat,34.02236,-6.8340222,
487,-8.386,31.161,505,Rabat,34.02236,-6.8340222,
488,-8.387,31.161,505,Rabat,34.02236,-6.8340222,
489,-8.387,31.161,505,Rabat,34.02236,-6.8340222,
490,-8.387,31.161,505,Rabat,34.02236,-6.8340222,
491,-8.386,31.161,505,Rabat,34.02236,-6.8340222,
492,-8.386,31.161,505,Rabat,34.02236,-6.8340222,
493,-8.386,31.161,505,Rabat,34.02236,-6.8340222,
494,-8.386,31.161,505,Rabat,34.02236,-6.8340222,
495,-8.386,31.161,505,Rabat,34.02236,-6.8340222,
496,-8.386,31.162,505,Rabat,34.02236,-6.8340222,
497,-8.385,31.162,505,Rabat,34.02236,-6.8340222,
498,-8.385,31.161,505,Rabat,34.02236,-6.8340222,
499,-8.385,31.161,505,Rabat,34.02236,-6.8340222,
500,-8.385,31.161,505,Rabat,34.02236,-6.8340222,
501,-8.385,31.161,505,Rabat,34.02236,-6.8340222,
502,-8.385,31.161,505,Rabat,34.02236,-6.8340222,
503,-8.386,31.161,505,Rabat,34.02236,-6.8340222,
504,-8.386,31.161,505,Rabat,34.02236,-6.8340222,
505,-8.386,31.161,505,Rabat,34.02236,-6.8340222,
506,-8.386,31.161,505,Rabat,34.02236,-6.8340222,
507,-8.386,31.161,505,Rabat,34.02236,-6.8340222,
508,-8.386,31.161,505,Rabat,34.02236,-6.8340222,
509,-8.386,31.161,505,Rabat,34.02236,-6.8340222,
510,-8.386,31.161,505,Rabat,34.02236,-6.8340222,
511,-8.386,31.161,505,Rabat,34.02236,-6.8340222,
512,-8.385,31.161,505,Rabat,34.02236,-6.8340222,
513,-8.385,31.161,505,Rabat,34.02236,-6.8340222,
514,-8.385,31.161,505,Rabat,34.02236,-6.8340222,
515,-8.385,31.161,505,Rabat,34.02236,-6.8340222,
516,-8.386,31.16,505,Rabat,34.02236,-6.8340222,
517,-8.386,31.16,505,Rabat,34.02236,-6.8340222,
518,-8.386,31.161,505,Rabat,34.02236,-6.8340222,
519,-8.386,31.16,505,Rabat,34.02236,-6.8340222,
520,-8.385,31.161,505,Rabat,34.02236,-6.8340222,
521,-8.385,31.161,505,Rabat,34.02236,-6.8340222,
522,-8.385,31.161,505,Rabat,34.02236,-6.8340222,
523,-8.385,31.161,505,Rabat,34.02236,-6.8340222,
524,-8.385,31.161,505,Rabat,34.02236,-6.8340222,
525,-8.385,31.161,505,Rabat,34.02236,-6.8340222,
526,-8.385,31.161,505,Rabat,34.02236,-6.8340222,
527,-8.385,31.161,505,Rabat,34.02236,-6.8340222,
528,-8.385,31.16,505,Rabat,34.02236,-6.8340222,
529,-8.385,31.162,505,Rabat,34.02236,-6.8340222,
530,-8.385,31.162,505,Rabat,34.02236,-6.8340222,
531,-8.385,31.162,505,Rabat,34.02236,-6.8340222,
532,-8.385,31.162,505,Rabat,34.02236,-6.8340222,
533,-8.385,31.162,505,Rabat,34.02236,-6.8340222,
534,-8.385,31.162,505,Rabat,34.02236,-6.8340222,
535,-8.385,31.161,505,Rabat,34.02236,-6.8340222,
536,-8.385,31.162,505,Rabat,34.02236,-6.8340222,
537,-8.385,31.162,505,Rabat,34.02236,-6.8340222,
538,-8.385,31.161,505,Rabat,34.02236,-6.8340222,
539,-8.385,31.161,505,Rabat,34.02236,-6.8340222,
540,-8.386,31.162,505,Rabat,34.02236,-6.8340222,
541,-8.386,31.162,505,Rabat,34.02236,-6.8340222,
542,-8.386,31.161,505,Rabat,34.02236,-6.8340222,
543,-8.386,31.16,505,Rabat,34.02236,-6.8340222,
544,-8.386,31.16,505,Rabat,34.02236,-6.8340222,
545,-8.385,31.16,505,Rabat,34.02236,-6.8340222,
546,-8.385,31.16,505,Rabat,34.02236,-6.8340222,
547,-8.386,31.161,505,Rabat,34.02236,-6.8340222,
548,-8.386,31.161,505,Rabat,34.02236,-6.8340222,
549,-8.386,31.161,505,Rabat,34.02236,-6.8340222,
550,-8.386,31.161,505,Rabat,34.02236,-6.8340222,
551,-8.386,31.162,505,Rabat,34.02236,-6.8340222,
552,-8.386,31.162,505,Rabat,34.02236,-6.8340222,
553,-8.386,31.162,505,Rabat,34.02236,-6.8340222,
554,-8.386,31.162,505,Rabat,34.02236,-6.8340222,
555,-8.385,31.162,505,Rabat,34.02236,-6.8340222,
556,-8.385,31.161,505,Rabat,34.02236,-6.8340222,
557,-8.385,31.161,505,Rabat,34.02236,-6.8340222,
558,-8.387,31.164,505,Rabat,34.02236,-6.8340222,
559,-8.387,31.164,505,Rabat,34.02236,-6.8340222,
560,-8.383,31.164,505,Rabat,34.02236,-6.8340222,
561,-8.383,31.164,505,Rabat,34.02236,-6.8340222,
562,-8.384,31.164,505,Rabat,34.02236,-6.8340222,
563,-8.383,31.164,505,Rabat,34.02236,-6.8340222,
564,-8.385,31.162,505,Rabat,34.02236,-6.8340222,
565,-8.384,31.157,505,Rabat,34.02236,-6.8340222,
566,-8.383,31.157,505,Rabat,34.02236,-6.8340222,
567,-8.383,31.157,505,Rabat,34.02236,-6.8340222,
568,-8.384,31.156,505,Rabat,34.02236,-6.8340222,
569,-8.379,31.15,505,Rabat,34.02236,-6.8340222,
570,-8.378,31.149,505,Rabat,34.02236,-6.8340222,
571,-8.379,31.15,505,Rabat,34.02236,-6.8340222,
572,-8.368,31.147,505,Rabat,34.02236,-6.8340222,
573,-8.335,31.162,505,Rabat,34.02236,-6.8340222,
574,-8.337,31.16,505,Rabat,34.02236,-6.8340222,
575,-8.332,31.161,505,Rabat,34.02236,-6.8340222,
576,-8.331,31.161,505,Rabat,34.02236,-6.8340222,
577,-8.331,31.161,505,Rabat,34.02236,-6.8340222,
578,-8.331,31.161,505,Rabat,34.02236,-6.8340222,
579,-8.331,31.161,505,Rabat,34.02236,-6.8340222,
580,-8.331,31.161,505,Rabat,34.02236,-6.8340222,
581,-8.33,31.161,505,Rabat,34.02236,-6.8340222,
582,-8.33,31.161,505,Rabat,34.02236,-6.8340222,
583,-8.33,31.162,505,Rabat,34.02236,-6.8340222,
584,-8.33,31.162,505,Rabat,34.02236,-6.8340222,
585,-8.33,31.162,505,Rabat,34.02236,-6.8340222,
586,-8.33,31.161,505,Rabat,34.02236,-6.8340222,
587,-8.33,31.161,505,Rabat,34.02236,-6.8340222,
588,-8.33,31.161,505,Rabat,34.02236,-6.8340222,
589,-8.33,31.162,505,Rabat,34.02236,-6.8340222,
590,-8.33,31.162,505,Rabat,34.02236,-6.8340222,
591,-8.33,31.162,505,Rabat,34.02236,-6.8340222,
592,-8.33,31.162,505,Rabat,34.02236,-6.8340222,
593,-8.33,31.161,505,Rabat,34.02236,-6.8340222,
594,-8.329,31.162,505,Rabat,34.02236,-6.8340222,
595,-8.329,31.162,505,Rabat,34.02236,-6.8340222,
596,-8.329,31.162,505,Rabat,34.02236,-6.8340222,
597,-8.329,31.162,505,Rabat,34.02236,-6.8340222,
598,-8.329,31.162,505,Rabat,34.02236,-6.8340222,
599,-8.33,31.162,505,Rabat,34.02236,-6.8340222,
600,-8.329,31.162,505,Rabat,34.02236,-6.8340222,
601,-8.332,31.163,505,Rabat,34.02236,-6.8340222,
602,-8.328,31.163,505,Rabat,34.02236,-6.8340222,
603,-8.329,31.162,505,Rabat,34.02236,-6.8340222,
604,-8.328,31.163,505,Rabat,34.02236,-6.8340222,
605,-8.323,31.173,505,Rabat,34.02236,-6.8340222,
606,-8.323,31.186,505,Rabat,34.02236,-6.8340222,
607,-8.37,31.188,505,Rabat,34.02236,-6.8340222,
608,-8.406,31.176,505,Rabat,34.02236,-6.8340222,
609,-8.397,31.183,505,Rabat,34.02236,-6.8340222,
610,-8.397,31.183,505,Rabat,34.02236,-6.8340222,
611,-8.397,31.183,505,Rabat,34.02236,-6.8340222,
612,-8.397,31.184,505,Rabat,34.02236,-6.8340222,
613,-8.397,31.184,505,Rabat,34.02236,-6.8340222,
614,-8.398,31.184,505,Rabat,34.02236,-6.8340222,
615,-8.398,31.184,505,Rabat,34.02236,-6.8340222,
616,-8.397,31.183,505,Rabat,34.02236,-6.8340222,
617,-8.397,31.183,505,Rabat,34.02236,-6.8340222,
618,-8.397,31.183,505,Rabat,34.02236,-6.8340222,
619,-8.397,31.184,505,Rabat,34.02236,-6.8340222,
620,-8.398,31.184,505,Rabat,34.02236,-6.8340222,
621,-8.398,31.184,505,Rabat,34.02236,-6.8340222,
622,-8.398,31.182,505,Rabat,34.02236,-6.8340222,
623,-8.379,31.1,505,Rabat,34.02236,-6.8340222,
624,-8.381,31.101,505,Rabat,34.02236,-6.8340222,
625,-8.381,31.101,505,Rabat,34.02236,-6.8340222,
626,-8.38,31.101,505,Rabat,34.02236,-6.8340222,
627,-8.381,31.101,505,Rabat,34.02236,-6.8340222,
628,-8.378,31.102,505,Rabat,34.02236,-6.8340222,
629,-8.378,31.102,505,Rabat,34.02236,-6.8340222,
630,-8.381,31.107,505,Rabat,34.02236,-6.8340222,
631,-8.379,31.106,505,Rabat,34.02236,-6.8340222,
632,-8.379,31.105,505,Rabat,34.02236,-6.8340222,
633,-8.378,31.106,505,Rabat,34.02236,-6.8340222,
634,-8.379,31.106,505,Rabat,34.02236,-6.8340222,
635,-8.377,31.106,505,Rabat,34.02236,-6.8340222,
636,-8.371,31.107,505,Rabat,34.02236,-6.8340222,
637,-8.37,31.106,505,Rabat,34.02236,-6.8340222,
638,-8.37,31.107,505,Rabat,34.02236,-6.8340222,
639,-8.37,31.107,505,Rabat,34.02236,-6.8340222,
640,-8.37,31.108,505,Rabat,34.02236,-6.8340222,
641,-8.37,31.108,505,Rabat,34.02236,-6.8340222,
642,-8.369,31.108,505,Rabat,34.02236,-6.8340222,
643,-8.37,31.108,505,Rabat,34.02236,-6.8340222,
644,-8.369,31.108,505,Rabat,34.02236,-6.8340222,
645,-8.37,31.108,505,Rabat,34.02236,-6.8340222,
646,-8.37,31.108,505,Rabat,34.02236,-6.8340222,
647,-8.37,31.108,505,Rabat,34.02236,-6.8340222,
648,-8.37,31.108,505,Rabat,34.02236,-6.8340222,
649,-8.37,31.108,505,Rabat,34.02236,-6.8340222,
650,-8.368,31.11,505,Rabat,34.02236,-6.8340222,
651,-8.369,31.107,505,Rabat,34.02236,-6.8340222,
652,-8.369,31.108,505,Rabat,34.02236,-6.8340222,
653,-8.365,31.111,505,Rabat,34.02236,-6.8340222,
654,-8.362,31.111,505,Rabat,34.02236,-6.8340222,
655,-8.362,31.111,505,Rabat,34.02236,-6.8340222,
656,-8.361,31.11,505,Rabat,34.02236,-6.8340222,
657,-8.361,31.11,505,Rabat,34.02236,-6.8340222,
658,-8.361,31.11,505,Rabat,34.02236,-6.8340222,
659,-8.361,31.11,505,Rabat,34.02236,-6.8340222,
660,-8.361,31.11,505,Rabat,34.02236,-6.8340222,
661,-8.36,31.111,505,Rabat,34.02236,-6.8340222,
662,-8.361,31.11,505,Rabat,34.02236,-6.8340222,
663,-8.361,31.11,505,Rabat,34.02236,-6.8340222,
664,-8.361,31.11,505,Rabat,34.02236,-6.8340222,
665,-8.361,31.11,505,Rabat,34.02236,-6.8340222,
666,-8.361,31.11,505,Rabat,34.02236,-6.8340222,
667,-8.361,31.11,505,Rabat,34.02236,-6.8340222,
668,-8.361,31.11,505,Rabat,34.02236,-6.8340222,
669,-8.361,31.11,505,Rabat,34.02236,-6.8340222,
670,-8.36,31.113,505,Rabat,34.02236,-6.8340222,
671,-8.359,31.112,505,Rabat,34.02236,-6.8340222,
672,-8.359,31.112,505,Rabat,34.02236,-6.8340222,
673,-8.359,31.112,505,Rabat,34.02236,-6.8340222,
674,-8.359,31.112,505,Rabat,34.02236,-6.8340222,
675,-8.359,31.108,505,Rabat,34.02236,-6.8340222,
676,-8.358,31.108,505,Rabat,34.02236,-6.8340222,
677,-8.359,31.108,505,Rabat,34.02236,-6.8340222,
678,-8.359,31.108,505,Rabat,34.02236,-6.8340222,
679,-8.359,31.108,505,Rabat,34.02236,-6.8340222,
680,-8.36,31.108,505,Rabat,34.02236,-6.8340222,
681,-8.36,31.108,505,Rabat,34.02236,-6.8340222,
682,-8.359,31.108,505,Rabat,34.02236,-6.8340222,
683,-8.36,31.108,505,Rabat,34.02236,-6.8340222,
684,-8.358,31.108,505,Rabat,34.02236,-6.8340222,
685,-8.359,31.108,505,Rabat,34.02236,-6.8340222,
686,-8.358,31.107,505,Rabat,34.02236,-6.8340222,
687,-8.358,31.107,505,Rabat,34.02236,-6.8340222,
688,-8.359,31.107,505,Rabat,34.02236,-6.8340222,
689,-8.359,31.107,505,Rabat,34.02236,-6.8340222,
690,-8.359,31.107,505,Rabat,34.02236,-6.8340222,
691,-8.359,31.107,505,Rabat,34.02236,-6.8340222,
692,-8.358,31.107,505,Rabat,34.02236,-6.8340222,
693,-8.358,31.107,505,Rabat,34.02236,-6.8340222,
694,-8.358,31.107,505,Rabat,34.02236,-6.8340222,
695,-8.359,31.107,505,Rabat,34.02236,-6.8340222,
696,-8.358,31.107,505,Rabat,34.02236,-6.8340222,
697,-8.358,31.107,505,Rabat,34.02236,-6.8340222,
698,-8.359,31.107,505,Rabat,34.02236,-6.8340222,
699,-8.359,31.107,505,Rabat,34.02236,-6.8340222,
700,-8.358,31.107,505,Rabat,34.02236,-6.8340222,
701,-8.358,31.107,505,Rabat,34.02236,-6.8340222,
702,-8.358,31.107,505,Rabat,34.02236,-6.8340222,
703,-8.358,31.107,505,Rabat,34.02236,-6.8340222,
704,-8.358,31.107,505,Rabat,34.02236,-6.8340222,
705,-8.358,31.107,505,Rabat,34.02236,-6.8340222,
706,-8.359,31.107,505,Rabat,34.02236,-6.8340222,
707,-8.358,31.107,505,Rabat,34.02236,-6.8340222,
708,-8.358,31.106,505,Rabat,34.02236,-6.8340222,
709,-8.358,31.107,505,Rabat,34.02236,-6.8340222,
710,-8.358,31.107,505,Rabat,34.02236,-6.8340222,
711,-8.358,31.106,505,Rabat,34.02236,-6.8340222,
712,-8.358,31.106,505,Rabat,34.02236,-6.8340222,
713,-8.358,31.107,505,Rabat,34.02236,-6.8340222,
714,-8.358,31.106,505,Rabat,34.02236,-6.8340222,
715,-8.358,31.107,505,Rabat,34.02236,-6.8340222,
716,-8.358,31.107,505,Rabat,34.02236,-6.8340222,
717,-8.358,31.106,505,Rabat,34.02236,-6.8340222,
718,-8.358,31.106,505,Rabat,34.02236,-6.8340222,
719,-8.359,31.106,505,Rabat,34.02236,-6.8340222,
720,-8.358,31.106,505,Rabat,34.02236,-6.8340222,
721,-8.359,31.107,505,Rabat,34.02236,-6.8340222,
722,-8.358,31.106,505,Rabat,34.02236,-6.8340222,
723,-8.358,31.106,505,Rabat,34.02236,-6.8340222,
724,-8.349,31.102,505,Rabat,34.02236,-6.8340222,
725,-8.347,31.102,505,Rabat,34.02236,-6.8340222,
726,-8.347,31.101,505,Rabat,34.02236,-6.8340222,
727,-8.348,31.101,505,Rabat,34.02236,-6.8340222,
728,-8.349,31.101,505,Rabat,34.02236,-6.8340222,
729,-8.349,31.099,505,Rabat,34.02236,-6.8340222,
730,-8.349,31.098,505,Rabat,34.02236,-6.8340222,
731,-8.349,31.098,505,Rabat,34.02236,-6.8340222,
732,-8.35,31.097,505,Rabat,34.02236,-6.8340222,
733,-8.349,31.097,505,Rabat,34.02236,-6.8340222,
734,-8.349,31.097,505,Rabat,34.02236,-6.8340222,
735,-8.348,31.097,505,Rabat,34.02236,-6.8340222,
736,-8.349,31.098,505,Rabat,34.02236,-6.8340222,
737,-8.344,31.174,505,Rabat,34.02236,-6.8340222,
738,-8.344,31.173,505,Rabat,34.02236,-6.8340222,
739,-8.343,31.174,505,Rabat,34.02236,-6.8340222,
740,-8.343,31.174,505,Rabat,34.02236,-6.8340222,
741,-8.352,31.167,505,Rabat,34.02236,-6.8340222,
742,-8.351,31.167,505,Rabat,34.02236,-6.8340222,
743,-8.349,31.166,505,Rabat,34.02236,-6.8340222,
744,-8.359,31.139,505,Rabat,34.02236,-6.8340222,
745,-8.359,31.139,505,Rabat,34.02236,-6.8340222,
746,-8.358,31.139,505,Rabat,34.02236,-6.8340222,
747,-8.358,31.139,505,Rabat,34.02236,-6.8340222,
748,-8.358,31.139,505,Rabat,34.02236,-6.8340222,
749,-8.358,31.139,505,Rabat,34.02236,-6.8340222,
750,-8.358,31.139,505,Rabat,34.02236,-6.8340222,
751,-8.358,31.139,505,Rabat,34.02236,-6.8340222,
752,-8.358,31.139,505,Rabat,34.02236,-6.8340222,
753,-8.379,31.15,505,Rabat,34.02236,-6.8340222,
754,-8.394,31.155,505,Rabat,34.02236,-6.8340222,
755,-8.392,31.155,505,Rabat,34.02236,-6.8340222,
756,-8.393,31.155,505,Rabat,34.02236,-6.8340222,
757,-8.386,31.161,505,Rabat,34.02236,-6.8340222,
758,-8.385,31.161,505,Rabat,34.02236,-6.8340222,
759,-8.37,31.108,505,Rabat,34.02236,-6.8340222,
760,-8.37,31.108,505,Rabat,34.02236,-6.8340222,
761,-8.369,31.108,505,Rabat,34.02236,-6.8340222,
762,-8.348,31.097,505,Rabat,34.02236,-6.8340222,
763,-8.348,31.097,505,Rabat,34.02236,-6.8340222,
764,-8.384,31.156,505,Rabat,34.02236,-6.8340222,
765,-8.382,31.169,505,Rabat,34.02236,-6.8340222,
766,-8.382,31.169,505,Rabat,34.02236,-6.8340222,
767,-8.382,31.169,505,Rabat,34.02236,-6.8340222,
768,-8.383,31.169,505,Rabat,34.02236,-6.8340222,
769,-8.383,31.169,505,Rabat,34.02236,-6.8340222,
770,-8.382,31.184,505,Rabat,34.02236,-6.8340222,
771,-8.338,31.179,505,Rabat,34.02236,-6.8340222,
772,-8.341,31.182,505,Rabat,34.02236,-6.8340222,
773,-8.322,31.191,505,Rabat,34.02236,-6.8340222,
774,-8.331,31.161,505,Rabat,34.02236,-6.8340222,
775,-8.331,31.162,505,Rabat,34.02236,-6.8340222,
776,-8.331,31.162,505,Rabat,34.02236,-6.8340222,
777,-8.331,31.161,505,Rabat,34.02236,-6.8340222,
778,-8.329,31.162,505,Rabat,34.02236,-6.8340222,
779,-8.33,31.161,505,Rabat,34.02236,-6.8340222,
780,-8.33,31.161,505,Rabat,34.02236,-6.8340222,
781,-8.33,31.161,505,Rabat,34.02236,-6.8340222,
782,-8.33,31.163,505,Rabat,34.02236,-6.8340222,
783,-8.305,31.166,505,Rabat,34.02236,-6.8340222,
784,-8.305,31.166,505,Rabat,34.02236,-6.8340222,
785,-8.305,31.167,505,Rabat,34.02236,-6.8340222,
786,-8.305,31.166,505,Rabat,34.02236,-6.8340222,
787,-8.305,31.167,505,Rabat,34.02236,-6.8340222,
788,-8.393,31.155,505,Rabat,34.02236,-6.8340222,
789,-8.393,31.155,505,Rabat,34.02236,-6.8340222,
790,-8.393,31.155,505,Rabat,34.02236,-6.8340222,
791,-8.393,31.155,505,Rabat,34.02236,-6.8340222,
792,-8.393,31.155,505,Rabat,34.02236,-6.8340222,
793,-8.393,31.155,505,Rabat,34.02236,-6.8340222,
794,-8.386,31.161,505,Rabat,34.02236,-6.8340222,
795,-8.385,31.161,505,Rabat,34.02236,-6.8340222,
796,-8.385,31.161,505,Rabat,34.02236,-6.8340222,
797,-8.385,31.162,505,Rabat,34.02236,-6.8340222,
798,-8.385,31.162,505,Rabat,34.02236,-6.8340222,
799,-8.386,31.162,505,Rabat,34.02236,-6.8340222,
800,-8.386,31.162,505,Rabat,34.02236,-6.8340222,
801,-8.386,31.161,505,Rabat,34.02236,-6.8340222,
802,-8.386,31.161,505,Rabat,34.02236,-6.8340222,
803,-8.387,31.161,505,Rabat,34.02236,-6.8340222,
804,-8.386,31.162,505,Rabat,34.02236,-6.8340222,
805,-8.33,31.161,505,Rabat,34.02236,-6.8340222,
806,-8.33,31.162,505,Rabat,34.02236,-6.8340222,
807,-8.329,31.162,505,Rabat,34.02236,-6.8340222,
808,-8.342,31.177,505,Rabat,34.02236,-6.8340222,
809,-8.342,31.176,505,Rabat,34.02236,-6.8340222,
810,-8.344,31.169,505,Rabat,34.02236,-6.8340222,
811,-8.334,31.172,505,Rabat,34.02236,-6.8340222,
812,-8.323,31.105,505,Rabat,34.02236,-6.8340222,
813,-8.324,31.105,505,Rabat,34.02236,-6.8340222,
814,-8.323,31.106,505,Rabat,34.02236,-6.8340222,
815,-8.323,31.106,505,Rabat,34.02236,-6.8340222,
816,-8.323,31.106,505,Rabat,34.02236,-6.8340222,
817,-8.324,31.105,505,Rabat,34.02236,-6.8340222,
818,-8.323,31.104,505,Rabat,34.02236,-6.8340222,
819,-8.323,31.105,505,Rabat,34.02236,-6.8340222,
820,-8.323,31.104,505,Rabat,34.02236,-6.8340222,
821,-8.322,31.106,505,Rabat,34.02236,-6.8340222,
822,-8.321,31.106,505,Rabat,34.02236,-6.8340222,
823,-8.321,31.106,505,Rabat,34.02236,-6.8340222,
824,-8.321,31.106,505,Rabat,34.02236,-6.8340222,
825,-8.321,31.106,505,Rabat,34.02236,-6.8340222,
826,-8.321,31.107,505,Rabat,34.02236,-6.8340222,
827,-8.321,31.107,505,Rabat,34.02236,-6.8340222,
828,-8.321,31.107,505,Rabat,34.02236,-6.8340222,
829,-8.321,31.107,505,Rabat,34.02236,-6.8340222,
830,-8.321,31.107,505,Rabat,34.02236,-6.8340222,
831,-8.321,31.107,505,Rabat,34.02236,-6.8340222,
832,-8.32,31.107,505,Rabat,34.02236,-6.8340222,
833,-8.32,31.107,505,Rabat,34.02236,-6.8340222,
834,-8.32,31.107,505,Rabat,34.02236,-6.8340222,
835,-8.32,31.106,505,Rabat,34.02236,-6.8340222,
836,-8.32,31.107,505,Rabat,34.02236,-6.8340222,
837,-8.322,31.107,505,Rabat,34.02236,-6.8340222,
838,-8.322,31.107,505,Rabat,34.02236,-6.8340222,
839,-8.322,31.107,505,Rabat,34.02236,-6.8340222,
840,-8.322,31.107,505,Rabat,34.02236,-6.8340222,
841,-8.318,31.117,505,Rabat,34.02236,-6.8340222,
842,-8.318,31.118,505,Rabat,34.02236,-6.8340222,
843,-8.318,31.117,505,Rabat,34.02236,-6.8340222,
844,-8.318,31.117,505,Rabat,34.02236,-6.8340222,
845,-8.317,31.119,505,Rabat,34.02236,-6.8340222,
846,-8.315,31.135,505,Rabat,34.02236,-6.8340222,
847,-8.314,31.135,505,Rabat,34.02236,-6.8340222,
848,-8.314,31.136,505,Rabat,34.02236,-6.8340222,
849,-8.313,31.137,505,Rabat,34.02236,-6.8340222,
850,-8.313,31.137,505,Rabat,34.02236,-6.8340222,
851,-8.313,31.137,505,Rabat,34.02236,-6.8340222,
852,-8.313,31.137,505,Rabat,34.02236,-6.8340222,
853,-8.313,31.137,505,Rabat,34.02236,-6.8340222,
854,-8.313,31.137,505,Rabat,34.02236,-6.8340222,
855,-8.314,31.137,505,Rabat,34.02236,-6.8340222,
856,-8.313,31.138,505,Rabat,34.02236,-6.8340222,
857,-8.312,31.138,505,Rabat,34.02236,-6.8340222,
858,-8.313,31.138,505,Rabat,34.02236,-6.8340222,
859,-8.312,31.138,505,Rabat,34.02236,-6.8340222,
860,-8.312,31.138,505,Rabat,34.02236,-6.8340222,
861,-8.312,31.138,505,Rabat,34.02236,-6.8340222,
862,-8.313,31.139,505,Rabat,34.02236,-6.8340222,
863,-8.313,31.138,505,Rabat,34.02236,-6.8340222,
864,-8.313,31.139,505,Rabat,34.02236,-6.8340222,
865,-8.313,31.139,505,Rabat,34.02236,-6.8340222,
866,-8.313,31.138,505,Rabat,34.02236,-6.8340222,
867,-8.313,31.138,505,Rabat,34.02236,-6.8340222,
868,-8.312,31.139,505,Rabat,34.02236,-6.8340222,
869,-8.313,31.138,505,Rabat,34.02236,-6.8340222,
870,-8.313,31.138,505,Rabat,34.02236,-6.8340222,
871,-8.314,31.138,505,Rabat,34.02236,-6.8340222,
872,-8.313,31.138,505,Rabat,34.02236,-6.8340222,
873,-8.313,31.138,505,Rabat,34.02236,-6.8340222,
874,-8.312,31.14,505,Rabat,34.02236,-6.8340222,
875,-8.312,31.14,505,Rabat,34.02236,-6.8340222,
876,-8.312,31.14,505,Rabat,34.02236,-6.8340222,
877,-8.312,31.14,505,Rabat,34.02236,-6.8340222,
878,-8.313,31.14,505,Rabat,34.02236,-6.8340222,
879,-8.367,31.162,505,Rabat,34.02236,-6.8340222,
880,-8.366,31.162,505,Rabat,34.02236,-6.8340222,
881,-8.366,31.162,505,Rabat,34.02236,-6.8340222,
882,-8.366,31.162,505,Rabat,34.02236,-6.8340222,
883,-8.367,31.162,505,Rabat,34.02236,-6.8340222,
884,-8.366,31.163,505,Rabat,34.02236,-6.8340222,
885,-8.367,31.162,505,Rabat,34.02236,-6.8340222,
886,-8.367,31.162,505,Rabat,34.02236,-6.8340222,
887,-8.367,31.162,505,Rabat,34.02236,-6.8340222,
888,-8.367,31.162,505,Rabat,34.02236,-6.8340222,
889,-8.367,31.162,505,Rabat,34.02236,-6.8340222,
890,-8.367,31.162,505,Rabat,34.02236,-6.8340222,
891,-8.345,31.162,505,Rabat,34.02236,-6.8340222,
892,-8.345,31.162,505,Rabat,34.02236,-6.8340222,
893,-8.346,31.162,505,Rabat,34.02236,-6.8340222,
894,-8.387,31.129,505,Rabat,34.02236,-6.8340222,
895,-8.374,31.127,505,Rabat,34.02236,-6.8340222,
896,-8.394,31.128,505,Rabat,34.02236,-6.8340222,
897,-8.394,31.128,505,Rabat,34.02236,-6.8340222,
898,-8.393,31.128,505,Rabat,34.02236,-6.8340222,
899,-8.394,31.128,505,Rabat,34.02236,-6.8340222,
900,-8.34,31.148,505,Rabat,34.02236,-6.8340222,
901,-8.34,31.15,505,Rabat,34.02236,-6.8340222,
902,-8.34,31.15,505,Rabat,34.02236,-6.8340222,
903,-8.34,31.151,505,Rabat,34.02236,-6.8340222,
904,-8.337,31.151,505,Rabat,34.02236,-6.8340222,
905,-8.337,31.151,505,Rabat,34.02236,-6.8340222,
906,-8.343,31.157,505,Rabat,34.02236,-6.8340222,
907,-8.344,31.143,505,Rabat,34.02236,-6.8340222,
908,-8.344,31.143,505,Rabat,34.02236,-6.8340222,
909,-8.344,31.143,505,Rabat,34.02236,-6.8340222,
910,-8.344,31.143,505,Rabat,34.02236,-6.8340222,
911,-8.344,31.142,505,Rabat,34.02236,-6.8340222,
912,-8.344,31.142,505,Rabat,34.02236,-6.8340222,
913,-8.37,31.188,505,Rabat,34.02236,-6.8340222,
914,-8.37,31.188,505,Rabat,34.02236,-6.8340222,
915,-8.392,31.158,505,Rabat,34.02236,-6.8340222,
916,-8.392,31.158,505,Rabat,34.02236,-6.8340222,
917,-8.391,31.157,505,Rabat,34.02236,-6.8340222,
918,-8.391,31.152,505,Rabat,34.02236,-6.8340222,
919,-8.392,31.153,505,Rabat,34.02236,-6.8340222,
920,-8.392,31.154,505,Rabat,34.02236,-6.8340222,
921,-8.394,31.154,505,Rabat,34.02236,-6.8340222,
922,-8.393,31.154,505,Rabat,34.02236,-6.8340222,
923,-8.394,31.154,505,Rabat,34.02236,-6.8340222,
924,-8.393,31.155,505,Rabat,34.02236,-6.8340222,
925,-8.393,31.156,505,Rabat,34.02236,-6.8340222,
926,-8.358,31.107,505,Rabat,34.02236,-6.8340222,
927,-8.359,31.106,505,Rabat,34.02236,-6.8340222,
928,-8.359,31.108,505,Rabat,34.02236,-6.8340222,
929,-8.358,31.106,505,Rabat,34.02236,-6.8340222,
930,-8.358,31.107,505,Rabat,34.02236,-6.8340222,
931,-8.362,31.111,505,Rabat,34.02236,-6.8340222,
932,-8.369,31.108,505,Rabat,34.02236,-6.8340222,
933,-8.37,31.108,505,Rabat,34.02236,-6.8340222,
934,-8.377,31.106,505,Rabat,34.02236,-6.8340222,
935,-8.321,31.106,505,Rabat,34.02236,-6.8340222,
936,-8.322,31.106,505,Rabat,34.02236,-6.8340222,
937,-8.321,31.107,505,Rabat,34.02236,-6.8340222,
938,-8.321,31.107,505,Rabat,34.02236,-6.8340222,
939,-8.321,31.106,505,Rabat,34.02236,-6.8340222,
940,-8.321,31.106,505,Rabat,34.02236,-6.8340222,
941,-8.322,31.107,302,Casablanca,33.5945144,-7.6200284,
942,-8.322,31.107,302,Casablanca,33.5945144,-7.6200284,
943,-8.318,31.117,302,Casablanca,33.5945144,-7.6200284,
944,-8.318,31.117,302,Casablanca,33.5945144,-7.6200284,
945,-8.318,31.117,302,Casablanca,33.5945144,-7.6200284,
946,-8.318,31.12,302,Casablanca,33.5945144,-7.6200284,
947,-8.318,31.12,302,Casablanca,33.5945144,-7.6200284,
948,-8.317,31.12,302,Casablanca,33.5945144,-7.6200284,
949,-8.317,31.12,302,Casablanca,33.5945144,-7.6200284,
950,-8.36,31.108,505,Rabat,34.02236,-6.8340222,
951,-8.361,31.11,505,Rabat,34.02236,-6.8340222,
952,-8.393,31.154,403,Fes,34.0346534,-5.0161926,
953,-8.393,31.154,403,Fes,34.0346534,-5.0161926,
954,-8.393,31.155,403,Fes,34.0346534,-5.0161926,
